[{"item_name": "Водонагреватели / Котлы", "google_symbol_name": "water_heater"}, {"item_name": "Планшеты / Электронные книги", "google_symbol_name": "photo_album"}, {"item_name": "Игрушки", "google_symbol_name": "toys"}, {"item_name": "Модемы / Роутеры / Адаптеры / Bluetooth", "google_symbol_name": "routerbluetooth"}, {"item_name": "Диктофоны", "google_symbol_name": "mic"}, {"item_name": "Накопители / Сервера", "google_symbol_name": "dns"}, {"item_name": "Плиты / Духовки / СВЧ", "google_symbol_name": "oven_genmicrowave_gen"}, {"item_name": "Стиральные машины", "google_symbol_name": "local_laundry_service"}, {"item_name": "Посудомоечные машины", "google_symbol_name": "dishwasher"}, {"item_name": "Часы / Радиоприёмники", "google_symbol_name": "watchradio"}, {"item_name": "Швейные машинки", "google_symbol_name": "wounds_injuries"}, {"item_name": "Игровые приставки", "google_symbol_name": "sports_esports"}, {"item_name": "Принтеры / Сканеры / МФУ / Факс", "google_symbol_name": "print"}, {"item_name": "Видеомагнитофоны", "google_symbol_name": "screen_record"}, {"item_name": "Приготовление пищи", "google_symbol_name": "blender"}, {"item_name": "Ноутбуки", "google_symbol_name": "laptop_chromebook"}, {"item_name": "Электронные словари и переводчики", "google_symbol_name": "g_translate"}, {"item_name": "Мелкая бытовая техника", "google_symbol_name": "vacuumiron"}, {"item_name": "Калькуляторы", "google_symbol_name": "calculate"}, {"item_name": "Телевизоры / 3D очки / Проекторы / Ресиверы", "google_symbol_name": "connected_tvhead_mounted_device"}, {"item_name": "Аккумуляторы / Источники питания", "google_symbol_name": "battery_charging_50"}, {"item_name": "Пульты ДУ", "google_symbol_name": "settings_remote"}, {"item_name": "Фото и видеокамеры / Фоторамки", "google_symbol_name": "photo_camera"}, {"item_name": "Комплектующие для пк", "google_symbol_name": "developer_board"}, {"item_name": "Холодильники", "google_symbol_name": "kitchen"}, {"item_name": "Музыкальные центры / Hi-Fi / Hi-End / DVD / MP3", "google_symbol_name": "music_video"}, {"item_name": "Устройства ввода", "google_symbol_name": "keyboard_alt"}, {"item_name": "Мониторы", "google_symbol_name": "desktop_windows"}, {"item_name": "Настольные компьютеры / Моноблоки", "google_symbol_name": "computer"}, {"item_name": "Климатическая техника", "google_symbol_name": "aq_indoor"}]